INSERT INTO Airport VALUES 
    ('JFK', 'John F. Kennedy International Airport', 'New York', 'USA'),
    ('LAX', 'Los Angeles International Airport', 'Los Angeles', 'USA'),
    ('YYZ', 'Toronto Pearson International Airport', 'Toronto', 'Canada'),
    ('SFO', 'San Francisco International Airport', 'San Francisco', 'USA'),
    ('LHR', 'London Heathrow Airport', 'London', 'UK'),
    ('CDG', 'Charles de Gaulle Airport', 'Paris', 'France'),
    ('SJC', 'San Jose International Airport', 'San Jose', 'USA'),
    ('ORD', 'O Hare International Airport', 'Chicago', 'USA'),
    ('SYD', 'Sydney Airport', 'Sydney', 'Australia'),
    ('DFW', 'Dallas/Fort Worth International Airport', 'Dallas', 'USA'),
    ('HKG', 'Hong Kong International Airport', 'Hong Kong', 'China'),
    ('MEX', 'Mexico City International Airport', 'Mexico City', 'Mexico'),
    ('AMS', 'Amsterdam Airport Schiphol', 'Amsterdam', 'Netherlands');

INSERT INTO Airline VALUES 
    ('BA', 'British Airways', 556667777, 'info@ba.com'),
    ('LUF', 'Lufthansa', 889990000, 'info@lufthansa.com'),
    ('ANA', 'All Nippon Airways', 334445555, 'info@ana.com'),
	('DLTA', 'Delta Airlines', 234567890, 'info@delta.com'),
    ('UAL', 'United Airlines', 876543210, 'info@united.com'),
    ('AFR', 'Air France', 112233445, 'info@airfrance.com'),
    ('QFA', 'Qantas Airways', 112233444, 'info@qantas.com'),
    ('UALX', 'United Express', 876543211, 'info@unitedexpress.com'),
    ('DAL', 'Delta Air Lines', 123456789, 'info@deltaairlines.com'),
    ('EVA', 'EVA Air', 987654321, 'info@evaair.com'),
    ('AAL', 'American Airlines', 456789012, 'info@americanairlines.com'),
    ('CATH', 'Cathay Pacific', 876543210, 'info@cathaypacific.com'),
    ('AALX', 'American Eagle', 567890123, 'info@americaneagle.com');

INSERT INTO Flight VALUES 
    (104, 'BA', 'JFK', 'LAX', '2023-06-01', '2023-06-01', '08:00:00', '10:00:00', 120, 1, 'T4', 'On Time'),
    (105, 'LUF', 'LAX', 'YYZ', '2023-06-05', '2023-06-05', '12:30:00', '15:30:00', 180, 2, 'T7', 'On Time'),
    (106, 'ANA', 'YYZ', 'JFK', '2023-06-10', '2023-06-10', '18:45:00', '21:45:00', 180, 4, 'T3', 'Scheduled'),
	(101, 'DLTA', 'SFO', 'LHR', '2023-05-10', '2023-05-10', '12:00:00', '16:00:00', 360, 3, 'T1', 'Delay'),
    (102, 'UAL', 'LHR', 'CDG', '2023-05-15', '2023-05-15', '09:30:00', '12:30:00', 180, 5, 'T3', 'On Time'),
    (103, 'AFR', 'CDG', 'SFO', '2023-05-20', '2023-05-20', '14:45:00', '18:45:00', 360, 7, 'T2', 'On Time'),
    (107, 'QFA', 'SJC', 'SYD', '2023-06-15', '2023-06-15', '09:00:00', '16:00:00', 420, 1, 'T2', 'On Time'),
    (108, 'UALX', 'ORD', 'JFK', '2023-06-20', '2023-06-20', '11:30:00', '15:30:00', 240, 3, 'T5', 'On Time'),
    (109, 'DAL', 'DFW', 'LAX', '2023-06-25', '2023-06-25', '14:00:00', '16:00:00', 120, 2, 'T1', 'On Time'),
    (110, 'EVA', 'HKG', 'SYD', '2023-06-30', '2023-06-30', '08:30:00', '15:30:00', 420, 4, 'T3', 'On Time'),
    (111, 'AAL', 'MEX', 'JFK', '2023-07-05', '2023-07-05', '18:45:00', '21:45:00', 180, 6, 'T2', 'Scheduled'),
    (112, 'CATH', 'SYD', 'AMS', '2023-07-10', '2023-07-10', '12:00:00', '16:00:00', 240, 3, 'T5', 'On Time'),
    (113, 'AALX', 'LAX', 'SFO', '2023-07-15', '2023-07-15', '09:30:00', '12:30:00', 180, 5, 'T4', 'On Time');


INSERT INTO Class VALUES 
    ('104ECO', 104, 'Economy', 64),
    ('104BUS',104, 'Business', 20),
    ('105ECO', 105, 'Economy', 70),
    ('105BUS',105, 'Business', 10),
    ('106ECO', 106, 'Economy', 80),
    ('106BUS',106, 'Business', 22),
    ('101ECO', 101, 'Economy', 60),
    ('101BUS',101, 'Business', 10),
    ('102EECO', 102, 'Economy', 88),
    ('102BUS',102, 'Business', 22),
    ('103ECO', 103, 'Economy', 75),
    ('103BUS',103, 'Business', 15),
    ('107ECO', 107, 'Economy', 100),
    ('107BUS',107, 'Business', 30),
    ('108ECO', 108, 'Economy', 100),
    ('108BUS',108, 'Business', 30),
    ('109ECO', 109, 'Economy', 80),
    ('109BUS',109, 'Business', 15),
    ('110ECO', 110, 'Economy', 90),
    ('110BUS',110, 'Business', 18),
    ('111ECO', 111, 'Economy', 100),
    ('111BUS',111, 'Business', 25),
    ('112ECO', 112, 'Economy', 80),
    ('112BUS',112, 'Business', 15),
    ('113ECO', 113, 'Economy', 90),
    ('113BUS',113, 'Business', 18);


INSERT INTO Customer VALUES 
    (4, 'Emily', 'Johnson', 'Female', '1992-07-25', 554443333, 'emily.johnson@email.com', 'GH0123456'),
    (5, 'Michael', 'Davis', 'Male', '1980-03-18', 553334444, 'michael.davis@email.com', 'IJ6789012'),
    (6, 'Sophia', 'Smith', 'Female', '1995-11-30', 552225555, 'sophia.smith@email.com', 'KL3456789'),
    (14, 'Jessica', 'Rose', 'Female', '1998-01-03', 552223385, 'jessica.rose@email.com', 'MM3367809'),
    (15, 'Cindy', 'Jane', 'Female', '2000-12-19', 938475880, 'cindy.jane@email.com', 'OP3904495'),
    (16, 'George', 'Russell', 'Male', '1988-09-13', 009873647, 'russell.george@hotmail.com', 'EG7977363'),
    (17, 'Daniel', 'Johnson', 'Male', '1983-06-15', 934890879,'daniel.johnson@gmail.com', 'AU9834709'),
    (1, 'John', 'Doe', 'Male', '1990-01-15', 551234567, 'john.doe@email.com', 'AB1234567'),
    (2, 'Jane', 'Smith', 'Female', '1985-05-20', 559876543, 'jane.smith@email.com', 'CD9876543'),
    (3, 'Bob', 'Johnson', 'Male', '1988-11-10', 551112233, 'bob.johnson@email.com', 'EF4567890'),
    (7, 'Olivia', 'Brown', 'Female', '1998-04-12', 557778889, 'olivia.brown@email.com', 'MN1234567'),
    (8, 'Ethan', 'Miller', 'Male', '1982-09-08', 556669900, 'ethan.miller@email.com', 'OP2345678'),
    (9, 'Sophie', 'Williams', 'Female', '1993-08-20', 557889900, 'sophie.williams@email.com', 'OP1234567'),
    (10, 'William', 'Brown', 'Male', '1987-02-15', 554433221, 'william.brown@email.com', 'MN6789012'),
    (11, 'Emma', 'Jones', 'Female', '1990-12-05', 556677889, 'emma.jones@email.com', 'AB2345678'),
    (12, 'Daniel', 'Wang', 'Male', '1985-06-28', 553322110, 'daniel.wang@email.com', 'CD3456789'),
    (13, 'Isabella', 'Miller', 'Female', '1997-04-10', 558899001, 'isabella.miller@email.com', 'EF4567890');


INSERT INTO ticket VALUES 
    (4, 4, 104, '104ECO', 'C20', '2023-05-30', '10:15:00'),
    (5, 5, 105, '105ECO', 'D30', '2023-06-03', '14:45:00'),
    (6, 6, 106, '106BUS', 'A4', '2023-06-08', '20:00:00'),
    (14, 14, 106, '106BUS', 'A2', '2023-06-08', '20:00:00'),
    (15, 15, 106, '106BUS', 'B2', '2023-06-08', '20:00:00'),
    (16, 16, 106, '106ECO', 'E4', '2023-06-08', '20:00:00'),
    (17, 17, 106, '106BUS', 'A1', '2023-06-08', '20:00:00'),
    (1, 1, 101, '101ECO', 'A32', '2023-05-08', '14:00:00'),
    (2, 2, 102, '102BUS', 'B5', '2023-05-12', '10:30:00'),
    (3, 3, 103, '103BUS', 'A7', '2023-05-18', '16:15:00'),
    (7, 7, 107, '107ECO', 'B15', '2023-06-10', '12:00:00'),
    (8, 8, 108, '108BUS', 'C8', '2023-06-15', '09:45:00'),
    (9, 9, 109, '109ECO', 'C20', '2023-06-20', '10:15:00'),
    (10, 10, 110, '110ECO', 'D30', '2023-06-25', '14:45:00'),
    (11, 11, 111, '111BUS', 'A4', '2023-06-30', '20:00:00'),
    (12, 12, 112, '112BUS', 'A32', '2023-07-05', '14:00:00'),
    (13, 13, 113, '113ECO', 'B5', '2023-07-10', '10:30:00');

INSERT INTO Payment VALUES 
    (104, 4, 570, '2023-05-30', '10:30:00', 'Credit Card'),
    (105, 5, 289, '2023-06-03', '15:00:00', 'PayPal'),
    (106, 6, 750, '2023-06-08', '20:15:00', 'Debit Card'),
    (114, 14, 750, '2023-03-08', '20:00:00', 'PayPal'),
    (115, 15, 700, '2023-01-07', '10:00:00', 'PayPal'),
    (116, 16, 500, '2023-01-08', '15:00:00', 'Debit Card'),
    (117, 16, 750, '2023-04-08', '06:00:00', 'Credit'),
	(101, 1, 259, '2023-05-08', '14:15:00', 'Credit'),
    (102, 2, 650, '2023-05-12', '11:00:00', 'PayPal'),
    (103, 3, 550, '2023-05-18', '16:30:00', 'Debit'),
    (107, 7, 450, '2023-06-10', '12:15:00', 'Credit Card'),
    (108, 8, 680, '2023-06-15', '10:00:00', 'Debit Card'),
    (109, 9, 600, '2023-06-20', '10:30:00', 'Credit Card'),
    (110, 10, 350, '2023-06-25', '15:00:00', 'PayPal'),
    (111, 11, 800, '2023-06-30', '20:15:00', 'Debit Card'),
    (112, 12, 450, '2023-07-05', '14:15:00', 'Credit'),
    (113, 13, 550, '2023-07-10', '10:00:00', 'PayPal');